pnl,duration,iv,vega,regime,z_score
380.5,103,11.246856648339984,14.022531147359103,1,6.180345609977315
193.5,84,12.927866211682137,14.285257221248449,1,3.160223578727295
206.05078125,64,16.438763760096247,14.277446057401477,1,3.36292353039855
220.150390625,93,15.31783407774255,14.252396348159508,1,3.5906376528876236
