{
  "t_statistic": 0.9806256035448895,
  "p_value_vs_zero": 0.3278899080564592,
  "significant_vs_zero": 